{"cameraMode":{"drawMode":0,"name":"Shaded","section":"Shading Mode"},"sceneLighting":false,"audioPlay":false,"sceneViewState":{"showFog":false,"showMaterialUpdate":false,"showSkybox":false,"showFlares":false,"showImageEffects":false,"showParticleSystems":false},"in2DMode":false,"pivot":{"x":-2.178384780883789,"y":0.20034343004226685,"z":0.4420661926269531},"rotation":{"x":-0.004689416382461786,"y":-0.9948899745941162,"z":0.055273283272981647,"w":-0.08436188101768494},"size":7.857015609741211,"orthographic":false}