{"cameraMode":{"drawMode":0,"name":"Shaded","section":"Shading Mode"},"sceneLighting":false,"audioPlay":false,"sceneViewState":{"showFog":false,"showMaterialUpdate":false,"showSkybox":false,"showFlares":false,"showImageEffects":false,"showParticleSystems":false},"in2DMode":false,"pivot":{"x":0.0,"y":-2.6389999389648439,"z":2.1689999103546144},"rotation":{"x":0.01759561337530613,"y":0.9272530674934387,"z":-0.04396078735589981,"w":0.37142908573150637},"size":2.2896785736083986,"orthographic":false}