{"cameraMode":{"drawMode":0,"name":"Shaded","section":"Shading Mode"},"sceneLighting":false,"audioPlay":false,"sceneViewState":{"showFog":false,"showMaterialUpdate":false,"showSkybox":false,"showFlares":false,"showImageEffects":false,"showParticleSystems":false},"in2DMode":false,"pivot":{"x":-0.9268507957458496,"y":0.7449586391448975,"z":1.3221882581710816},"rotation":{"x":0.2545343041419983,"y":0.004638488404452801,"z":-0.001233890070579946,"w":0.9670518636703491},"size":3.284787893295288,"orthographic":false}