{"cameraMode":{"drawMode":0,"name":"Shaded","section":"Shading Mode"},"sceneLighting":false,"audioPlay":false,"sceneViewState":{"showFog":false,"showMaterialUpdate":false,"showSkybox":false,"showFlares":false,"showImageEffects":false,"showParticleSystems":false},"in2DMode":false,"pivot":{"x":-3.346775531768799,"y":0.10791575908660889,"z":-1.5446064472198487},"rotation":{"x":0.026032347232103349,"y":0.4976120591163635,"z":-0.014901579357683659,"w":0.8668808341026306},"size":5.416204452514648,"orthographic":false}