{"cameraMode":{"drawMode":0,"name":"Shaded","section":"Shading Mode"},"sceneLighting":false,"audioPlay":false,"sceneViewState":{"showFog":false,"showMaterialUpdate":false,"showSkybox":false,"showFlares":false,"showImageEffects":false,"showParticleSystems":false},"in2DMode":false,"pivot":{"x":-0.0004656519740819931,"y":0.0000092238187789917,"z":-0.00018555298447608948},"rotation":{"x":-0.13475565612316132,"y":-0.7462167143821716,"z":0.15904834866523744,"w":-0.6322224140167236},"size":0.5099288821220398,"orthographic":false}