{"cameraMode":{"drawMode":0,"name":"Shaded","section":"Shading Mode"},"sceneLighting":false,"audioPlay":false,"sceneViewState":{"showFog":false,"showMaterialUpdate":false,"showSkybox":false,"showFlares":false,"showImageEffects":false,"showParticleSystems":false},"in2DMode":false,"pivot":{"x":0.2238190621137619,"y":-0.17813920974731446,"z":-0.35921475291252139},"rotation":{"x":-0.17311666905879975,"y":-0.7726404070854187,"z":0.23773439228534699,"w":-0.5626186728477478},"size":1.3918676376342774,"orthographic":false}