{"cameraMode":{"drawMode":0,"name":"Shaded","section":"Shading Mode"},"sceneLighting":false,"audioPlay":false,"sceneViewState":{"showFog":false,"showMaterialUpdate":false,"showSkybox":false,"showFlares":false,"showImageEffects":false,"showParticleSystems":false},"in2DMode":false,"pivot":{"x":-0.193792462348938,"y":0.22437113523483277,"z":-0.24181699752807618},"rotation":{"x":-0.004689416382461786,"y":-0.9948899745941162,"z":0.055273283272981647,"w":-0.08436188101768494},"size":1.4573652744293213,"orthographic":false}