{"cameraMode":{"drawMode":0,"name":"Shaded","section":"Shading Mode"},"sceneLighting":false,"audioPlay":false,"sceneViewState":{"showFog":false,"showMaterialUpdate":false,"showSkybox":false,"showFlares":false,"showImageEffects":false,"showParticleSystems":false},"in2DMode":false,"pivot":{"x":-1.7897106409072877,"y":3.6491172313690187,"z":-1.631940484046936},"rotation":{"x":-0.102902851998806,"y":-0.29608654975891116,"z":0.03208788484334946,"w":-0.9490596652030945},"size":1.478489875793457,"orthographic":false}