{"cameraMode":{"drawMode":0,"name":"Shaded","section":"Shading Mode"},"sceneLighting":false,"audioPlay":false,"sceneViewState":{"showFog":false,"showMaterialUpdate":false,"showSkybox":false,"showFlares":false,"showImageEffects":false,"showParticleSystems":false},"in2DMode":false,"pivot":{"x":0.0,"y":-0.08250004053115845,"z":0.029999997466802598},"rotation":{"x":-0.13475565612316132,"y":-0.7462167143821716,"z":0.15904834866523744,"w":-0.6322224140167236},"size":7.450553894042969,"orthographic":false}