{"cameraMode":{"drawMode":0,"name":"Shaded","section":"Shading Mode"},"sceneLighting":false,"audioPlay":false,"sceneViewState":{"showFog":false,"showMaterialUpdate":false,"showSkybox":false,"showFlares":false,"showImageEffects":false,"showParticleSystems":false},"in2DMode":false,"pivot":{"x":1.1488189697265626,"y":1.2636504173278809,"z":-0.9758005142211914},"rotation":{"x":-0.008483531884849072,"y":0.9259228110313416,"z":-0.020837152376770974,"w":-0.3770422041416168},"size":8.502704620361329,"orthographic":false}