{"cameraMode":{"drawMode":0,"name":"Shaded","section":"Shading Mode"},"sceneLighting":false,"audioPlay":false,"sceneViewState":{"showFog":false,"showMaterialUpdate":false,"showSkybox":false,"showFlares":false,"showImageEffects":false,"showParticleSystems":false},"in2DMode":false,"pivot":{"x":499.91949462890627,"y":2484.0224609375,"z":4.361845970153809},"rotation":{"x":0.0044998954981565479,"y":-0.0015000966377556325,"z":0.0000055194550441228788,"w":0.9999887943267822},"size":338.691650390625,"orthographic":false}