{"cameraMode":{"drawMode":0,"name":"Shaded","section":"Shading Mode"},"sceneLighting":false,"audioPlay":false,"sceneViewState":{"showFog":false,"showMaterialUpdate":false,"showSkybox":false,"showFlares":false,"showImageEffects":false,"showParticleSystems":false},"in2DMode":false,"pivot":{"x":0.4817812740802765,"y":-0.26380038261413576,"z":-1.6188759803771973},"rotation":{"x":-0.007576373405754566,"y":0.9664757251739502,"z":-0.25503459572792055,"w":-0.028716769069433214},"size":8.36276626586914,"orthographic":false}