{"cameraMode":{"drawMode":0,"name":"Shaded","section":"Shading Mode"},"sceneLighting":false,"audioPlay":false,"sceneViewState":{"showFog":false,"showMaterialUpdate":false,"showSkybox":false,"showFlares":false,"showImageEffects":false,"showParticleSystems":false},"in2DMode":false,"pivot":{"x":0.0,"y":2.378000020980835,"z":0.14599990844726563},"rotation":{"x":0.014944406226277352,"y":0.9614781141281128,"z":0.0534215085208416,"w":-0.26922616362571719},"size":10.317778587341309,"orthographic":false}