{"cameraMode":{"drawMode":0,"name":"Shaded","section":"Shading Mode"},"sceneLighting":true,"audioPlay":false,"sceneViewState":{"showFog":false,"showMaterialUpdate":false,"showSkybox":false,"showFlares":false,"showImageEffects":false,"showParticleSystems":false},"in2DMode":false,"pivot":{"x":-0.011499881744384766,"y":-1.4854538440704346,"z":0.138450026512146},"rotation":{"x":0.10700295865535736,"y":-0.21868997812271119,"z":0.024111226201057435,"w":0.9696100950241089},"size":20.593399047851564,"orthographic":false}