{"cameraMode":{"drawMode":0,"name":"Shaded","section":"Shading Mode"},"sceneLighting":false,"audioPlay":false,"sceneViewState":{"showFog":false,"showMaterialUpdate":false,"showSkybox":false,"showFlares":false,"showImageEffects":false,"showParticleSystems":false},"in2DMode":false,"pivot":{"x":0.23578019440174104,"y":0.09147137403488159,"z":0.1001681238412857},"rotation":{"x":0.04347135126590729,"y":-0.7946802973747253,"z":0.057317715138196948,"w":0.6027504801750183},"size":-0.05692577362060547,"orthographic":false}