{"cameraMode":{"drawMode":0,"name":"Shaded","section":"Shading Mode"},"sceneLighting":false,"audioPlay":false,"sceneViewState":{"showFog":false,"showMaterialUpdate":false,"showSkybox":false,"showFlares":false,"showImageEffects":false,"showParticleSystems":false},"in2DMode":false,"pivot":{"x":0.22623300552368165,"y":-0.9135712385177612,"z":-2.4041147232055666},"rotation":{"x":0.20781484246253968,"y":0.7240066528320313,"z":-0.24677707254886628,"w":0.6096953749656677},"size":6.698916435241699,"orthographic":false}