{"cameraMode":{"drawMode":0,"name":"Shaded","section":"Shading Mode"},"sceneLighting":false,"audioPlay":false,"sceneViewState":{"showFog":false,"showMaterialUpdate":false,"showSkybox":false,"showFlares":false,"showImageEffects":false,"showParticleSystems":false},"in2DMode":false,"pivot":{"x":-0.010395646095275879,"y":0.14204445481300355,"z":-0.721308708190918},"rotation":{"x":0.13268300890922547,"y":0.0787089467048645,"z":-0.01057113241404295,"w":0.9879719018936157},"size":1.267085313796997,"orthographic":false}