{"cameraMode":{"drawMode":0,"name":"Shaded","section":"Shading Mode"},"sceneLighting":false,"audioPlay":false,"sceneViewState":{"showFog":false,"showMaterialUpdate":false,"showSkybox":false,"showFlares":false,"showImageEffects":false,"showParticleSystems":false},"in2DMode":false,"pivot":{"x":494.5897521972656,"y":2079.1943359375,"z":-1.3365898132324219},"rotation":{"x":-0.03149490803480148,"y":0.005997142288833857,"z":0.00018878171977121383,"w":0.9994859099388123},"size":1011.4180908203125,"orthographic":false}