{"cameraMode":{"drawMode":0,"name":"Shaded","section":"Shading Mode"},"sceneLighting":false,"audioPlay":false,"sceneViewState":{"showFog":false,"showMaterialUpdate":false,"showSkybox":false,"showFlares":false,"showImageEffects":false,"showParticleSystems":false},"in2DMode":false,"pivot":{"x":1.6292672157287598,"y":0.4459172487258911,"z":2.090496301651001},"rotation":{"x":-0.009118192829191685,"y":-0.9472991824150086,"z":-0.026997437700629236,"w":0.3190804123878479},"size":5.398447036743164,"orthographic":false}