{"cameraMode":{"drawMode":0,"name":"Shaded","section":"Shading Mode"},"sceneLighting":false,"audioPlay":false,"sceneViewState":{"showFog":false,"showMaterialUpdate":false,"showSkybox":false,"showFlares":false,"showImageEffects":false,"showParticleSystems":false},"in2DMode":false,"pivot":{"x":-1.7619168758392335,"y":0.0024855490773916246,"z":-1.6719343662261963},"rotation":{"x":-0.011286124587059021,"y":-0.9739252328872681,"z":0.04971311613917351,"w":-0.22106769680976869},"size":8.214431762695313,"orthographic":false}