{"cameraMode":{"drawMode":0,"name":"Shaded","section":"Shading Mode"},"sceneLighting":false,"audioPlay":false,"sceneViewState":{"showFog":false,"showMaterialUpdate":false,"showSkybox":false,"showFlares":false,"showImageEffects":false,"showParticleSystems":false},"in2DMode":false,"pivot":{"x":1.7595343589782715,"y":0.00018555298447608948,"z":-1.6770000457763672},"rotation":{"x":-0.13475565612316132,"y":-0.7462167143821716,"z":0.15904834866523744,"w":-0.6322224140167236},"size":6.534058094024658,"orthographic":false}