{"cameraMode":{"drawMode":0,"name":"Shaded","section":"Shading Mode"},"sceneLighting":false,"audioPlay":false,"sceneViewState":{"showFog":false,"showMaterialUpdate":false,"showSkybox":false,"showFlares":false,"showImageEffects":false,"showParticleSystems":false},"in2DMode":false,"pivot":{"x":-1.7612711191177369,"y":3.985621452331543,"z":-2.2174692153930666},"rotation":{"x":-0.04506636783480644,"y":0.766653835773468,"z":-0.054138388484716418,"w":-0.6381849050521851},"size":8.01073169708252,"orthographic":false}