{"cameraMode":{"drawMode":0,"name":"Shaded","section":"Shading Mode"},"sceneLighting":false,"audioPlay":false,"sceneViewState":{"showFog":false,"showMaterialUpdate":false,"showSkybox":false,"showFlares":false,"showImageEffects":false,"showParticleSystems":false},"in2DMode":false,"pivot":{"x":-1.7612783908843995,"y":3.985621452331543,"z":-2.1954691410064699},"rotation":{"x":-0.008483531884849072,"y":0.9259228110313416,"z":-0.020837152376770974,"w":-0.3770422041416168},"size":9.04759407043457,"orthographic":false}