{"cameraMode":{"drawMode":0,"name":"Shaded","section":"Shading Mode"},"sceneLighting":true,"audioPlay":false,"sceneViewState":{"showFog":false,"showMaterialUpdate":false,"showSkybox":false,"showFlares":false,"showImageEffects":false,"showParticleSystems":false},"in2DMode":false,"pivot":{"x":1.3874781131744385,"y":-0.6584867835044861,"z":-0.46985435485839846},"rotation":{"x":0.0019986312836408617,"y":-0.9975745677947998,"z":0.06183505803346634,"w":0.031898271292448047},"size":7.49061918258667,"orthographic":false}