{"cameraMode":{"drawMode":0,"name":"Shaded","section":"Shading Mode"},"sceneLighting":false,"audioPlay":false,"sceneViewState":{"showFog":false,"showMaterialUpdate":false,"showSkybox":false,"showFlares":false,"showImageEffects":false,"showParticleSystems":false},"in2DMode":false,"pivot":{"x":-0.011499881744384766,"y":-1.483953833580017,"z":0.13894999027252198},"rotation":{"x":-0.4051452875137329,"y":0.31436359882354739,"z":-0.15068981051445008,"w":-0.8451777100563049},"size":11.203797340393067,"orthographic":false}