{"cameraMode":{"drawMode":0,"name":"Shaded","section":"Shading Mode"},"sceneLighting":false,"audioPlay":false,"sceneViewState":{"showFog":false,"showMaterialUpdate":false,"showSkybox":false,"showFlares":false,"showImageEffects":false,"showParticleSystems":false},"in2DMode":false,"pivot":{"x":-1.9119999408721924,"y":2.128999948501587,"z":-1.500999927520752},"rotation":{"x":0.028406312689185144,"y":0.07936544716358185,"z":0.0022595718037337066,"w":-0.996438205242157},"size":0.7556626796722412,"orthographic":false}